pano_id,source,pano_x,pano_y,label_type_id,camera_heading,heading,pitch,label_id
7nNj0FtXp4bXcUGARDOcCg,gsv,9785,4677,1,181.617828369141,202.9375,-17.5625,47126
7nNj0FtXp4bXcUGARDOcCg,gsv,10679,4747,1,181.617828369141,231.589279174805,-16.390625,74048
7nNj0FtXp4bXcUGARDOcCg,gsv,1912,4550,1,181.617828369141,51.2209815979004,-14.09375,74054
_qVKgG3dGOoClMQI6QgVRg,gsv,9044,5043,1,143.214004516602,158.910720825195,-21.234375,120955
_qVKgG3dGOoClMQI6QgVRg,gsv,15154,4963,1,143.214004516602,306.191955566406,-18.65625,120952
_qVKgG3dGOoClMQI6QgVRg,gsv,15996,4827,3,143.214004516602,323.113830566406,-16.078125,120950
